Name, temperature, wind
Arad,16.142857142857142,39.57142857142857
Cluj-Napoca,14.857142857142858,28.0
